"lat","lng","Address"
57.144501,-2.103206,"The Office Bar and Kitchen, 7 Crown Street, , Aberdeen, City of Aberdeen, AB11 6HA"
57.153595,-2.135208,"Royal Voluntary Service, Royal Aberdeen Childrens Hospital, Westburn Drive, Aberdeen, Aberdeenshire, AB25 2ZG"
57.333906,-2.316572,"spice at meldrum arms, spice at meldrumarms , south road, Oldmeldrum , Aberdeensire , AB51 0AB"
52.434381,-1.893978,"Sylhet Spice Cuisine , 27-29 York Road, , Birmingham , West Midlands, B14 7SA"
52.478229,-1.8986,"Tasty Plaice, Tasty Plaice(Unit 35) Grand Central, Stephenson Place, Birmingham, , B2 4XJ"
52.454728,-1.81777,"slice of new york , 154 Yardley Road, Acocks Green, Birmingham, West Midlands, B27 6LR"
52.437184,-1.968389,"Amar bangla ltd T/s Spicemenu, 88 Weoley Castle Road, , Birmingham, West Midlands, B29 5PT"
52.438486,-1.940674,"Sliced N Diced, 850 Bristol Road, Selly Oak, Birmingham, West Midlands, B29 6HW"
52.479028,-1.739272,"Coppice Chippy LTD, 3 Coppice Way, , Birmingham, West Midlands, B37 5TX"
52.546207,-1.930811,"Simla spice, 34 Queslett Road, , Birmingham, West Midlands, B43 6PL"
52.542444,-1.957343,"Special spices, 270 Newton Road, Great Barr, Birmingham, West Midlands, B43 6QU"
52.364021,-2.058771,"Spices Catshill Limited, 151 Golden Cross Lane, Catshill, Bromsgrove, Worcestershire, B61 0JZ"
52.475026,-2.039701,"Raj Spice Restaurant Limited, 7 Halesowen Street, , Rowley Regis, West Midlands, B65 0HG"
52.490691,-2.058013,"Regis Spice Ltd, 1 Springfield Close, , Rowley Regis, West Midlands, B65 8JZ"
52.54755,-1.841238,"Sarin Spice Ltd , First Floor, 110-116 Boldmere Road, Sutton Coldfield, West Midlands, B73 5UB"
52.579074,-1.88544,"Spice of Streetly Ltd, 188 Chester Road, Streetly, Sutton Coldfield, West Midlands, B74 3NA"
52.579303,-1.889955,"Spice inn , 69 Blackwood Road, , Sutton Coldfield, West Midlands, B74 3PW"
52.415123,-1.776787,"Spice Club, 697 Warwick Road, , Solihull, West Midlands, B91 3DA"
52.444967,-1.784934,"Spicewoods, Unit 5, Hobs Moat Road, Solihull, West Midlands, B92 8JN"
51.207626,-2.648884,"New Rajah spice tandoori , 5a, Queen Street, Wells, Somerset, BA5 2DP"
53.781209,-2.446464,"spice lounge , Shepherds Rest, Wilpshire Road, Blackburn, Lancashire, BB1 4AD"
53.790819,-2.238125,"Shimla spice, 45 Church Street, , Burnley, Lancashire, BB11 2DW"
53.726195,-2.332514,"Spice Room, 600 Blackburn Road, Rising Bridge, Accrington, Lancashire, BB5 2SB"
53.873136,-2.393025,"Ice and Spice and all things nice, 11-13, King Street, Clitheroe, Lancashire, BB7 2EU"
53.747649,-1.690412,"E & J Catering Services, 1 Whitehall Road East, Birkenshaw, Bradford, West Yorkshire, BD11 2EQ"
53.832307,-1.774952,"Shimla spice, Bankdale House Former 69, Otley Road, Shipley, West Yorkshire, BD18 2BJ"
53.864203,-1.911542,"Shimla spice , 14 South Street, , Keighley, West Yorkshire, BD21 1NR"
53.982334,-2.093622,"Williams catering services, Airebank Mills, Gargrave, Skipton, North Yorkshire, BD23 3RX"
54.068047,-2.277485,"Sugar&Spice , 14 Duke Street, , Settle, North Yorkshire, BD24 9DW"
53.793664,-1.717914,"icestone gelato, 725 Leeds Road, , Bradford, West Yorkshire, BD3 8DG"
53.788393,-1.771165,"icestone gelato, Shop, 304-306 Great Horton Road, Bradford, West Yorkshire, BD7 1PU"
53.787416,-1.772597,"Ambala The Spice Lounge, 205 Great Horton Road, , Bradford, West Yorkshire, BD7 1RP"
53.799201,-1.782842,"Yam spice foods , 337A Thornton Road, , Bradford, West Yorkshire, BD8 9BS"
50.768574,-1.898814,"Spice of India, 1555 Wimborne Road, , Bournemouth, , BH10 7AZ"
50.721987,-1.973117,"Royal Voluntary Service, Poole Hospital N H S Trust, Longfleet Road, Poole, Dorset, BH15 2JB"
50.61445,-1.974217,"The Office Cafe Ltd, Unit 1 Anvil Centre,Prospect Busine, Prospect Way, Swanage, , BH19 1EJ"
50.720018,-1.884837,"Pondok Fresh Falafel and Juice, 25 The Triangle, , Bournemouth, , BH2 5SE"
50.880611,-1.871252,"Spice of India , 77 Ringwood Road, , Verwood, , BH31 7AB"
53.597185,-2.423956,"Sai spice restaurant , 17 Eagley Brook Way, , Bolton, Greater Manchester, BL1 8TS"
53.582694,-2.511705,"Bolton Golf Club Services Limited, Bolton Golf Club, Chorley New Road, Bolton, , BL6 4AJ"
50.822942,-0.151531,"Sea Spice, 17 Preston Street, , Brighton, East Sussex, BN1 2HN"
50.825342,-0.148384,"The Spice Circuit Ltd, 57 Upper North Street, , Brighton, East Sussex, BN1 3FH"
50.811912,-0.368323,"Le Spice , 43 Warwick Street, , Worthing, West Sussex, BN11 3DQ"
50.818794,-0.117636,"Royal Voluntary Service, Sussex Eye Hospital, Eastern Road, Brighton, , BN2 5BF"
50.772753,0.263979,"Spice Garden , 6 Church Street, Old Town, Eastbourne, East Sussex, BN21 1HT"
50.794669,0.050638,"The Viceroy, 4 Bridge Street, , Newhaven, East Sussex, BN9 9PJ"
51.37062,0.008582,"Metropolitan Police Hayes Sports Club Ltd, The Warren, Croydon Road, Bromley, Greater London, BR2 7AL"
51.398816,-0.041563,"Spice Society, 139 Croydon Road, , Beckenham, Kent, BR3 3RB"
51.451258,-2.592943,"Spicer and Cole, Queen Square, 1 Queen Square Avenue, , Bristol, , BS1 4JA"
51.454043,-2.602548,"Gin & Juice, 47 Park Street, City Centre, Bristol, , BS1 5NL"
51.482554,-2.768566,"Spice direct LTD, 57 High Street, Portishead, Bristol, Somerset, BS20 6AG"
51.572548,-2.448986,"Spice Mahal, Pool Farm, Wotton Road, Bristol, Gloucestershire, BS37 7NA"
51.465499,-2.588404,"Mr lahey's organic juice bar, 39-41, Picton Street, Bristol, , BS6 5PZ"
51.471273,-2.593275,"Spicer and Cole, Gloucester Road, 16 Gloucester Road, Bishopston, Bristol, , BS7 8AE"
51.454364,-2.620427,"Spicer and Cole, Clifton Village, 9 Princess Victoria Street, , Bristol, , BS8 4BX"
51.49167,-2.616929,"The Post Office Tavern, 17 Westbury Hill, , Bristol, , BS9 3AG"
54.600619,-5.93427,"Beleaf Juice Bars, Kiosk 4, Castle Court Royal Avenue, Belfast, , BT1 1DD"
54.596961,-5.93266,"The Juice Jar LTD, 8-10, Wellington Place, Belfast, , BT1 6GE"
54.561744,-5.984521,"Spice Fusion, 149 Upper Lisburn Road, Finaghy, Belfast, , BT10 0LH"
54.573287,-5.988669,"bengal spice, 146 Andersonstown Road, Andersonstown, Belfast, , BT11 9BY"
54.589353,-5.822639,"Tale of Spice, Unit 2b, Omni Park, Old Dundonald Road, Belfast, , BT16 1YG"
54.504581,-5.712462,"The Old Post Office, 191 Killinchy Road, Comber, Newtownards, , BT23 6AA"
54.592866,-5.69416,"Mauds ice cream and coffee shop, 44 High Street, , Newtownards, , BT23 7HZ"
54.510711,-6.042039,"Spice, Unit 2, Bridgewater House, Bridge Street, Lisburn, , BT28 1XY"
54.114286,-6.282791,"Narrow Water Service Station, Narrow Water Service Station., 58 Newry Road, Warrenpoint, , BT34 3LE"
54.121457,-6.353573,"Barneys Service Station, 261 Dublin Road, , Newry, , BT35 8RL"
54.596713,-5.832196,"Northern Ireland Civil Service Sports Club, The Maynard Sinclair Pavilion, Stormont Estate, Belfast, , BT4 3TA"
55.104658,-6.696494,"Moran's Centra & Service Station, 335 Dunhill Road, , Coleraine, , BT51 3QJ"
55.130746,-6.670057,"Coleraine Post Office and Mauds Cafe, 13-15 New Row, , Coleraine, , BT52 1AD"
54.351421,-6.655583,"Spice Lounge, 2 Lower English Street, , Armagh, , BT61 7LJ"
54.374023,-6.360408,"babu's indian spice, 4 dunbarton street, , gilford, armagh, BT63 6HJ"
54.505576,-6.769984,"Bengal Spice, 4 Thomas Street, , Dungannon, , BT70 1HN"
54.578773,-5.934587,"Indie Spice , 159 Stranmillis Road, , Belfast, , BT9 5AJ"
54.449654,-2.609982,"Tebay Services, Westmorland Place, Orton, Penrith, Cumbria, CA10 3SB"
54.449654,-2.609982,"Tebay Services Hotel, Westmorland Place, Orton, Penrith, Cumbria, CA10 3SB"
54.43914,-2.593409,"J38 Services, Junction 38 Motorway Services, , Old Tebay, Cumbria, CA10 3SS"
54.892282,-2.945051,"The Viceroy, Unit 6, Linton House, Shaddongate, Carlisle, Cumbria, CA2 5TY"
54.853327,-3.02155,"the original johns plaice ltd, the original johns plaice, a595 wigton road, cardewlees, CARLISLE, cumbria, CA5 6LG"
54.814868,-2.44,"Janice Palmer t/a Lowbyer Monor Country House, Lowbyer Manor Country House, Hexham Road, Alston, Cumbria, CA9 3JX"
52.173741,0.139114,"Royal Voluntary Service, Addenbrookes Hospital, Hills Road, Cambridge, , CB2 0QQ"
52.113295,0.224874,"Juice Bar The Apiary, Juice Bar at, The Apiary, Granta Park, Great Abington, Cambridgeshire, CB21 6DH"
52.163488,-0.008136,"Cam Spice Indian restaurant , Managers Accommodation, 2 High Street, Great Eversden, Cambridgeshire, CB23 1HN"
52.268927,-0.008821,"McDonald's Cambridge Services, Cambridge Services A14, Boxworth, Cambridge, Cambridgeshire, CB23 4WU"
52.199108,0.113347,"Rice Boat, 37 Newnham Road, , Cambridge, Cambridgeshire, CB3 9EY"
52.398176,0.267354,"Le Spice, 26 Forehill, , Ely, Cambridgeshire, CB7 4AF"
51.480745,-3.181065,"Gin & Juice, 2-6 Castle Arcade, , Cardiff, , CF10 1BW"
51.478101,-3.176648,"Spice Quarter, Unit 8b, The Old Brewery Quarter, Caroline Street, Cardiff, South Glamorgan, CF10 1FG"
51.608924,-3.659723,"iced cake parlour, 13 Talbot Street, , Maesteg, Mid Glamorgan, CF34 9BT"
53.189434,-2.891134,"icestone gelato, 59 Bridge Street, , Chester, Cheshire, CH1 1NG"
53.19131,-2.893912,"Nicebites, Chester Market Hall, 6 Princess Street, Chester, Cheshire, CH1 2HH"
53.431741,-3.040042,"Magic Spices, 223-227, Seabank Road, Wallasey, Merseyside, CH45 1HE"
53.332884,-3.024137,"Royal Voluntary Service, Clatterbridge Cancer Centre, Clatterbridge Road, Wirral, Merseyside, CH63 4JY"
53.279765,-2.899326,"Essence of Spice, 59-61, Whitby Road, Ellesmere Port, Cheshire, CH65 8AB"
51.865482,0.174321,"Herts & Essex PPP Health Services, Cavell Drive, , Bishop's Stortford, Hertfordshire, CM23 5JH"
51.672117,0.388271,"Bar Management Services, 7 High Street, , Ingatestone, Essex, CM4 9ED"
51.876892,0.553821,"Merchant Spice, 9 Fairfield Road, , Braintree, Essex, CM7 3HA"
51.903133,0.5563,"Bocking United Services Social Club Limited, Church Street, , Braintree, Essex, CM7 5LA"
51.843582,1.211373,"Kirby spice limited , 114 Thorpe Road, Kirby Cross, Frinton-on-Sea, Essex, CO13 0ND"
51.880649,0.996333,"The Spice, The Spice, Clacton Road, Colchester, Essex, CO7 7AD"
51.357179,-0.120584,"Spice Village Croydon, 45 Imperial Way, , Croydon, Greater London, CR0 4RR"
51.352026,-0.098337,"Gurkha Spice, Himalayan Nepalese Restaurant / Takeaway, Gurkha Spice, 343 Brighton Road, South Croydon, Surrey, CR2 6EQ"
51.36505,-0.090181,"Spice N Ice Restaurant, 3-5, South Park Hill Road, South Croydon, Greater London, CR2 7DY"
51.342559,1.426719,"jp services, 155 Hereson Road, , Ramsgate, Kent, CT11 7EL"
51.372409,1.124753,"Full Gaming Management Services Limited, 98 Central Parade, , Herne Bay, Kent, CT6 5JJ"
52.404684,-1.52156,"Shimlaspice , 3 Butts, , Coventry, West Midlands, CV1 3GJ"
52.413401,-1.508005,"Royal Voluntary Service, City of Coventry Health Centre, 2 Stoney Stanton Road, Coventry, , CV1 4FS"
52.526628,-1.438392,"New Dragon (Leicester) Ltd, Unit 9, Horeston Grange Shopping Centre Cam, Nuneaton, Warwickshire, CV11 6GU"
52.478378,-1.46945,"Bedworth Ex-Servicemen's Club, Rye Piece Ringway, , Bedworth, Warwickshire, CV12 8JH"
52.423266,-1.560931,"Shefs food services ltd , 73 Birmingham Road, Allesley, Coventry, West Midlands, CV5 9GT"
52.449773,-1.486221,"Spice Sensation , 181b, Longford Road, Coventry, West Midlands, CV6 6EE"
53.162822,-2.209503,"Spice Sector Ltd, 8-14, Lawton Street, Congleton, Cheshire, CW12 1RP"
53.089211,-2.437608,"Spiceology Restaurant, 13-15, Nantwich Road, Crewe, Cheshire, CW2 6AF"
53.191689,-2.527615,"Al's Plaice, 15 Dingle Walk, , Winsford, Cheshire, CW7 1BA"
53.322265,-2.550316,"little leigh catering services at antrobus golf club, Antrobus Golf Club, Foggs Lane, Northwich, Cheshire, CW9 6JQ"
53.243123,-2.519646,"Kingsmead Spice, 5 Kingsmead Square, Regency Way, Northwich, Cheshire, CW9 8UW"
51.441648,0.369595,"The Marlin Plaice , 7 Windmill Street, , Gravesend, Kent, DA12 1AD"
51.438872,0.112152,"Havard Catering Services at Sidcup Golf Club, Sidcup Golf Club, Hurst Road, Sidcup, Kent, DA15 9AW"
51.445116,0.102412,"Oval spice ltd, 49 The Oval, , Sidcup, Greater London, DA15 9ER"
51.413478,0.277648,"Green Spice , Green Spice, Green Street Green Road , Dartford , Kent , DA2 8DP"
51.365999,0.30493,"Spice Village , 29 The Row, New Ash Green, Longfield, Kent, DA3 8JB"
51.458057,0.132805,"The Jasmine by Spice Nouv-Oh!, 331 Broadway, , Bexleyheath, Greater London, DA6 8DT"
51.480119,0.1791,"k's spice african restaurant , 13 Pier Road, , Erith, Greater London, DA8 1TA"
52.92349,-1.482468,"The Spice Lounge at Number 10 ltd, 10 Friar Gate, , Derby, Derbyshire, DE1 1BU"
52.91942,-1.4727,"Tasty plaice, Unit Ft06 Level 2 West Mall,Intu Ce, Traffic Street, Derby, Derbyshire, DE1 2PQ"
52.915293,-1.466419,"The Viceroy , 8-9, Midland Road, Derby, Derbyshire, DE1 2SN"
52.767231,-1.531411,"Bombay Spice, 36 High Street, Woodville, Swadlincote, Derbyshire, DE11 7EA"
52.937945,-1.464176,"Slice of India, Mansfield Road, , Derby, Derbyshire, DE21 4AW"
53.051068,-1.405892,"Shapla spice , 1 Church Street, , Ripley, Derbyshire, DE5 3BU"
53.021696,-1.481954,"Rice Bowl, 20-22, New Road, Belper, Derbyshire, DE56 1US"
52.987381,-1.489633,"Viceroy Duffield , 2b Tamworth Street, , Duffield , Derbyshire , DE56 4ER"
54.777078,-1.576034,"Spice Lounge Durham, St Nicholas Cottage, Market Place, Durham City, Tyne and wear, DH1 3NJ"
54.884095,-1.74588,"The Burrow Licensed Tearoom, The Burrow, North Road, Stanley, Durham, DH9 9JE"
54.665259,-1.675977,"Spice Lounge, 11 Fore Bondgate, , Bishop Auckland, Durham, DL14 7PF"
54.687346,-1.563417,"Cafe Alice, 8 Haig Terrace, , Ferryhill, Durham, DL17 8NR"
54.54726,-1.586555,"Tea with Alice, 4 Tillage Green, , Darlington, Durham, DL2 2GL"
54.524608,-1.559592,"S&S Road services , 31 Powlett Street, , Darlington, Durham, DL3 7TL"
54.28899,-1.592217,"Spice restaurant (bedale) ltd, 41 Market Place, , Bedale, North Yorkshire, DL8 1ED"
53.590935,-0.649091,"All Things Nice Cafe, 2b, Ravendale Street North, Scunthorpe, Lincolnshire, DN15 6NE"
53.32136,-0.944398,"Kings Park Hotel & Old Police Station Bar & Restaurant, Old Police Station Bar & Restaurant, Exchange Street, Retford, Notts, DN22 6BT"
53.562536,-0.086903,"Spice of Life, 8-12, Wellowgate, Grimsby, Lincolnshire, DN32 0RA"
53.508908,-1.146205,"Suburb - Buns & Slice, Suburb, 205 , Balby Road, Doncaster, South Yorkshire, DN4 0RG"
50.71488,-2.440579,"The spice centre , 37-38, High West Street, Dorchester, , DT1 1UP"
50.608193,-2.453715,"Spice Tandoori (Weymouth) Ltd, 45-49, Maiden Street, Weymouth, , DT4 8AZ"
50.610592,-2.453721,"Nicetta, 1 St. Mary Street, , Weymouth, , DT4 8PB"
52.511434,-2.082279,"Dudley Spice, 28 New Street, , Dudley, West Midlands, DY1 1LP"
52.508209,-2.087969,"Twice the spice , 97-98, High Street, Dudley, West Midlands, DY1 1QP"
52.419622,-2.347544,"Arley Post Office, Stores and Tearoom, The Post Office, Upper Arley, Bewdley, , DY12 1XA"
52.296006,-2.225722,"Spice Fusion , Halfway House, Dunhampton, Stourport-on-Severn, Worcestershire, DY13 9SW"
52.488724,-2.081111,"Aksaraa service limited , Londis, Netherton Service Station, 176 Halesowen Road, Netherton, West Midlands, DY2 9PS"
52.540492,-2.120904,"Spices, 39 Dudley Street, Sedgley, Dudley, West Midlands, DY3 1SA"
52.482207,-2.112345,"Tasty plaice , Tasty plaice , Eat central, Brierley hill, West midlands, DY5 1QX"
52.482953,-2.121623,"Zaks plaice, 163 High Street, , Brierley Hill, West Midlands, DY5 3BU"
52.47434,-2.137779,"J's Diner & Catering Services , Unit 2, Waterside Business Park, Brettell Lane, Brierley Hill, West Midlands, DY5 3LH"
52.419057,-2.143744,"Shen Spice Limited, Shenapur Indian Cuisine, 86 Worcester Road, Hagley, Worcestershire, DY9 0NJ"
52.397652,-2.100599,"Five Spice , Bromsgrove Road, Belbroughton, Stourbridge, Worcestershire, DY9 9TX"
51.519801,-0.075656,"Ricebrother , 16 Horner Square, , London, Greater London, E1 6EW"
51.518304,-0.071525,"Bengal Spice Euro Limited T/A Cafe Grill Restaurant, 35 Brick Lane, , London, Greater London, E1 6PU"
51.521721,-0.07151,"City Spice , 138 Brick Lane, , London, Greater London, E1 6RU"
51.511465,-0.070635," Cafe Spice Namaste, 16 Prescot Street, , London, Greater London, E1 8AZ"
51.574651,-0.011169,"Sweet Choice, 786 High Road Leyton, , London, Greater London, E10 6AE"
51.563892,0.009615,"keraspice, 715 High Road Leytonstone, , London, Greater London, E11 4RD"
51.542521,0.049919,"Hyderabadi Spice Ltd, 309 High Street North, , London, Greater London, E12 6SL"
51.584452,-0.019534,"spice e17 , 230 Hoe Street, , London, Greater London, E17 3AY"
51.589253,-0.019484,"SpiceBox, 58 Hoe Street, , London, Greater London, E17 4PG"
51.550889,-0.052781,"A Slice Of Blue, 43, Lower Clapton Road, London, UK, E5 0NS"
51.552226,-0.052074,"Spice & Grill, 68, Lower Clapton Road, London, , E5 0RN"
51.546546,0.024196,"Spice Village, 311 Romford Road, , London, Greater London, E7 9HA"
51.522476,-0.097411,"People's Choice Cafe , 38 Goswell Road, , London, City and County of the City of Lond, EC1M 7AA"
51.528323,-0.10458,"Dame Alice Owen, 292-294, St. John Street, London, Greater London, EC1V 4PA"
51.52708,-0.079703,"Homeslice Shoreditch, Basement and Ground Floor,M A S Hou, 374-378 Old Street, London, Greater London, EC1V 9LT"
51.512254,-0.092421,"Homeslice City, 71 Queen Street, , London, City and County of the City of Lond, EC4R 1EE"
55.94824,-3.194746,"Hula Juice Bar & Cafe, 103-105, West Bow, Edinburgh, City of Edinburgh, EH1 2JP"
55.919555,-3.302274,"Sykes Global Services Cafe , Calder House, Pentland Gait , 599 Calder Road , Edinburgh , , EH11 4GA"
55.947393,-3.294881,"Spice Lounge Kitchen, 1 Craigmount View, , Edinburgh, City of Edinburgh, EH12 8HG"
55.943465,-3.202461,"Nilgiri Spice, 14-14A Borugham Street, Brougham Street, Edinburgh, Midlothian, EH3 9JH"
55.943641,-3.207959,"Hula Juice Bar & Eatery, 94a, Fountainbridge, Edinburgh, City of Edinburgh, EH3 9QA"
55.990258,-3.396284,"Queens Spice, 1, High Street, South Queensferry, , EH30 9PP"
55.961807,-3.234907,"Royal Voluntary Service, Western General Hospital OPD, Crewe Road South, Edinburgh, , EH4 2XU"
55.961807,-3.234907,"Royal Voluntary Service, Western General Hospital, Crewe Road South, Edinburgh, , EH4 2XU"
55.978124,-3.179097,"Britannia Spice, 150 Commercial Street, , Edinburgh, City of Edinburgh, EH6 6LB"
55.969141,-3.168393,"BombaySpice, 138-140, Duke Street, Edinburgh, City of Edinburgh, EH6 8HR"
51.671304,-0.040172,"Silver service cafe , 621-623, Hertford Road, Enfield, Greater London, EN3 6UP"
51.687032,5.8e-05,"Le Spice, 3 Arlingham Mews, , Waltham Abbey, Essex, EN9 1ED"
50.727622,-3.475646,"Met Office, Fitzroy Road, , Exeter, Devon, EX1 3PB"
51.108292,-4.164248,"Wild Thyme Juice Cafe, 5 Caen Field Shopping Centre, , Braunton, Devon, EX33 1EE"
51.207305,-4.124749,"Dice And A Slice Ilfracombe, Dice and A Slice, 87 High Street, Ilfracombe, Devon, EX34 9NH"
51.042232,-4.236505,"A slice of life cafe , 6 Westbourne Terrace, Westward Ho, Bideford, Devon, EX39 1LL"
56.187393,-3.964234,"Choices deli, 21 High Street, , Dunblane, Stirling and Falkirk, FK15 0EE"
53.797717,-3.024287,"Harmans On Site Services Ltd, Quality House, Vicarage Lane, Blackpool, Lancashire, FY4 4NQ"
53.921685,-3.013959,"the eating plaice, 126 Lord Street, , Fleetwood, Lancashire, FY7 6LH"
53.73755,-2.963027,"Rice Fusion limited t/a Red Fort, 15 Park Street, , Lytham St. Annes, Lancashire, FY8 5LU"
55.875938,-4.293274,"Mario's Plaice, 285-287, Byres Road, Glasgow, City of Glasgow, G12 8TL"
55.827633,-4.211922,"Greenhouse Services Site 1, 24 Rutherglen Exchange, Main Street, Glasgow, Lanarkshire, G73 2LS"
55.76491,-4.172371,"Spice Indian Cuisine, 46-50, Kirkton Park, Glasgow, Lanarkshire, G74 4HX"
51.820244,-2.228629,"Gloucester Services, Gloucester Services M5 Northbound, Gilberts Lane, Gloucester, Gloucestershire, GL4 0DN"
51.921636,-1.864642,"The Old Post Office, The Old Post Office, The Square, Cheltenham, Gloucestershire, GL54 5UR"
51.23763,-0.570829,"The Guildford Spice, 52a, Chertsey Street, Guildford, Surrey, GU1 4HD"
51.168112,-0.842699,"Alice Holt Forest Cafe, Bucks Horn Oak, , Farnham, Hampshire, GU10 4LS"
51.257527,-0.720419,"Spice of India , 2 the Parade, Wharf Road, Aldershot, Surrey, GU12 5AZ"
51.291178,-0.755413,"the lemonplaice, 77 Queensmead, , Farnborough, Hampshire, GU14 7RZ"
51.33607,-0.759969,"Chilli Spice, 369 London Road, , Camberley, Surrey, GU15 3HQ"
51.317547,-0.617832,"Valentino’s Coffee Juice Bar, 23-29, Broadway, Woking, Surrey, GU21 2DR"
50.989849,-0.737742,"Lime and spice, 135 North Street, , Midhurst, West Sussex, GU29 9DU"
51.266249,-0.863059,"The Spice Merchant, The Spice Merchant, The Street, Crookham Village, Hampshire, GU51 5SJ"
51.594169,-0.331784,"Spiceklub Harrow , 60 Peel Road, , Harrow, Greater London, HA3 7QU"
51.587417,-0.303681,"Ice n spice , 30 Kenton Park Parade Kenton Road, , Harrow, Greater London, HA3 8DN"
51.558065,-0.396954,"Regal Spice, 528-530 Victoria Road, , Ruislip, , HA4 0HD"
51.617531,-0.312352,"Spice Rack, 35 Church Road, , Stanmore, Greater London, HA7 4AR"
51.594084,-0.284539,"Starmall Limited T/A Sugar & Spice Lounge, 12-13, Queensbury Station Parade, Edgware, Greater London, HA8 5NR"
51.560518,-0.280393,"Spice Shack (Boxpark), Unit 17, Boxpark Wembley, 18 Olympic Way, Wembley, Greater London, HA9 0JT"
51.562048,-0.282522,"Spice of India Tandoori Restaurant, 119 Wembley Park Drive, , Wembley, Greater London, HA9 8HG"
53.647308,-1.782776,"icestone gelato, Ice Stone Gelato, 9 John William Street, Huddersfield, West Yorkshire, HD1 1BR"
53.680808,-1.74106,"Old post office cafe, The Old Post Office Cafe, 1 Brooks Yard, Huddersfield, West Yorkshire, HD2 1XE"
53.671205,-1.779988,"Mumbai spice restaurant, Mumbai Spice, 467 Bradford Road, Huddersfield, West Yorkshire, HD2 2LL"
53.675365,-1.734644,"The Royal & Anicent , 19 Dalton Bank Road, , Huddersfield, West Yorkshire, HD5 0RE"
53.702026,-1.78001,"The Office, the office, park row, park street, brighouse, west yorkshire, HD6 1AB"
53.569027,-1.784988,"Bengal Spice (Holmfirth Limited) , 2-5, Dunford Road, Holmfirth, West Yorkshire, HD9 2DP"
51.75137,-0.473508,"Bengal spice, 51-55, Waterhouse Street, Hemel Hempstead, Hertfordshire, HP1 1EA"
51.628615,-0.747815,"Wycombe Spice ltd t/a Bombay Palace, 6-8, Crendon Street, High Wycombe, Buckinghamshire, HP13 6LW"
51.773373,-0.928425,"House of Spice, 19 Fort End, Haddenham, Aylesbury, Buckinghamshire, HP17 8EJ"
51.760562,-0.440906,"Deshi Spice, 9 Mark Road, , Hemel Hempstead, Hertfordshire, HP2 7BN"
53.740143,-0.198756,"Hedon Spice, Allison Hall, 32 St. Augustines Gate, Hull, East Riding of Yorkshire, HU12 8EX"
53.797762,-0.406901,"Harmans On Site Services Ltd, Tje Swift Group, Dunswell lane, Cottingham, , HU16 4JX"
53.844226,-0.430743,"Sonali Spice, Agriculture House, Walkergate, Beverley, East Riding of Yorkshire, HU17 9EP"
53.912117,-0.166728,"Sonali spice , 8 New Road, , Hornsea, East Riding of Yorkshire, HU18 1PF"
53.730688,-1.981836,"Aux Delices, 13-15 Burnley Road, Mytholmroyd, Hebden Bridge, West Yorkshire, HX7 5LH"
51.559956,0.07911,"Spice khazana Ltd, Flat, 266-268 High Road, Ilford, Greater London, IG1 1QF"
51.560349,0.081321,"Indi Spices, Ground Floor Rear, 300-310 High Road, Ilford, Greater London, IG1 1QW"
51.591384,0.082739,"Spice, 103 High Street, Barkingside, Ilford, Greater London, IG6 2AH"
51.640759,0.093208,"Sung Services Ltd, Woolston Manor, Abridge Road, Chigwell, Essex, IG7 6BX"
52.343012,0.5101,"spice lounge , 32, high Street , Mildenhall , Suffolk, IP28 7EA"
57.479079,-4.220761,"Hospice Cafe, Unit 2-3 Eastgate Centre, , Inverness, , IV2 3PP"
57.647136,-3.312404,"Spice Tandoori, 9A Moss Street, , Elgin, Moray, IV30 1LU"
57.646427,-3.326988,"Royal Voluntary Service, Doctor Grays Hospital, , Elgin, Morayshire, IV30 1SN"
55.543499,-4.663273,"The Venice Cafe , 4 Ayr Street, , Troon, Ayrshire and Arran, KA10 6EB"
55.632493,-4.784446,"Motherland Spice, 16 Bradshaw Street, , Saltcoats, Ayrshire and Arran, KA21 5HR"
55.795139,-4.869608,"Tea in the Square at Largs Post Office, 54-56, Gallowgate Street, Largs, Ayrshire and Arran, KA30 8LX"
55.498404,-4.611486,"Caprice, 112-114 Main Street, , Prestwick, Ayrshire, KA9 1PA"
51.332384,-0.419499,"Cobham Spice Oven , 40 Portsmouth Road, , Cobham, Surrey, KT11 1HZ"
51.34764,-0.250185,"All Things Nice, 90 High Street, Ewell, Epsom, Surrey, KT17 1RE"
51.334184,-0.266331,"Everest Spice Nepalese And Indian Restaurant, 3 The Derby Square, , Epsom, Surrey, KT19 8AG"
51.35311,-0.267957,"Tamarind Spice, 234-236, Chessington Road, Epsom, Surrey, KT19 9XF"
51.313452,-0.310332,"Rye cafe and juice bar, 204 Barnett Wood Lane, , Ashtead, Surrey, KT21 2DB"
51.381727,-0.283346,"MWM United Ltd t/a Spice House, 7 Tolworth Broadway, , Surbiton, Greater London, KT6 7DQ"
56.193725,-3.09615,"Thistle Dae Nicely , 43 Main Street, Milton of Balgonie, Glenrothes, Fife, KY7 6PX"
53.408001,-2.982841,"icestone gelato, Queen Square, , Liverpool, Merseyside, L1 1RH"
53.401951,-2.976309,"American Pizza Slice , 122 Bold Street, , Liverpool, Merseyside, L1 4JA"
53.407521,-2.98778,"Spice City Indian Cuisine Limited, Ground Floor, 18 Stanley Street, Liverpool, Merseyside, L1 6AF"
53.399588,-2.985054,"Sugar and Dice Ltd, Sugar and Dice Ltd, 33a Cornhill, Liverpool, Merseyside, L1 8DP"
53.566533,-2.886585,"The Old Post Office, 19-21, Aughton Street, Ormskirk, Lancashire, L39 3BH"
53.409596,-2.943419,"Harmans On Site Services Ltd, Valeo Tangerine, 68 Beech Street, Liverpool, Merseyside, L7 0HA"
53.409506,-2.964809,"Royal Voluntary Service, Royal Liverpool University Hospital, Prescot Street, Liverpool, , L7 8XP"
54.378149,-2.9065,"Sugar & Spice Cafe & Bistro, Retail Premises, 11 Main Road, Windermere, Cumbria, LA23 1DX"
54.354231,-2.91279,"Spice Restaurant , Crook Road, , Windermere, Cumbria, LA23 3NE"
54.380245,-2.853198,"Cafe Ambio at Ings Service Station, Ings Filling Station, Ings, Kendal, Cumbria, LA8 9PY"
52.633989,-1.13064,"San Carlo Leicester, 38 Granby Street, , Leicester, Leicestershire, LE1 1DE"
52.63249,-1.127308,"Leicester Coffee House Company, 110 Granby Street, , Leicester, Leicestershire, LE1 1DL"
52.634509,-1.129204,"Ramada Encore Leicester City Centre, 88 Charles Street, , Leicester, Leicestershire, LE1 1GE"
52.633746,-1.123212,"Hotel ibis Leicester City, Hotel ibis Leicester City, St George's Way, Leicester, , LE1 1PL"
52.638344,-1.134765,"Emperors Lounge Leicester , 63-65 Church Gate, , Leicester, Leicestershire, LE1 3AN"
52.64071,-1.127595,"Campanile Leicester, 1 Bedford Street North, , Leicester, Leicestershire, LE1 3JE"
52.643035,-1.132101,"Leicester Community Sports Arena Ltd, 31 Charter Street, , Leicester, Leicestershire, LE1 3UD"
52.63582,-1.137556,"SOHO Coffee Shops Limited Leicester, Highcross 5 Shires Lane, , Leicester, Leicestershire, LE1 4AN"
52.635732,-1.139109,"Grosvenor Casino Leicester, 90 Highcross Street, , Leicester, Leicestershire, LE1 4NN"
52.634234,-1.135836,"Middletons Steakhouse & Grill Leicester, 2 St. Martins, , Leicester, Leicestershire, LE1 5DB"
52.634468,-1.135832,"Veeno Leicester, 19 St Martins, , Leicester, Leicestershire, LE1 5DE"
52.634671,-1.135377,"Mowgli Street Food - Leicester, 10-12 St Martins Square, , Leicester, Leicestershire, LE1 5DF"
52.635359,-1.134728,"silver street cafe (leicester) ltd, 14 Silver Street, , Leicester, Leicestershire, LE1 5ET"
52.635008,-1.137247,"Almeida coffee & Juice Bar, 5 , Guildhall Lane, Leicester, , LE1 5FQ"
52.634923,-1.134153,"ORSO Leicester, 4 Market Place, , Leicester, , LE1 5GF"
52.633992,-1.140872,"Holiday Inn Leicester, 129 St. Nicholas Circle, , Leicester, Leicestershire, LE1 5LX"
52.761003,-1.258469,"Charnwood Service Station, Ashby Road, , Loughborough, Leicestershire, LE11 3QU"
52.773291,-1.225946,"Royal Voluntary Service, Loughborough Hospital, Hospital Way, Loughborough, Leicestershire, LE11 5JY"
52.762595,-0.885014,"Melton spice , 33 Burton Street, , Melton Mowbray, Leicestershire, LE13 1AF"
52.765705,-0.88764,"TRUT LTD (trading as Spice Club), 58 Nottingham Street, , Melton Mowbray, Leicestershire, LE13 1NW"
52.613778,-1.187348,"360 Play (Leicester) Limited, Unit 1, Meridian Leisure Park, Leicester, Leicestershire, LE19 1JZ"
52.628045,-1.119425,"Lahori Tawa Leicester, Basement, 8-10 Highfield Street, Leicester, Leicestershire, LE2 1AB"
52.605315,-1.038029,"Leicestersire Aero Club Ltd, Leicester Airport, Gartree Road, Leicester, Leicestershire, LE2 2FG"
52.621663,-1.142886,"Holiday Inn Express Leicester, Filbert Way, Raw Dykes Road, Leicester, , LE2 7FQ"
52.628373,-1.143339,"Hey Sugar Leicester, 41 Western Boulevard, , Leicester, Leicestershire, LE2 7HN"
52.627771,-1.149607,"Noodle House (Leicester) Ltd, 78 Narborough Road, , Leicester, Leicestershire, LE3 0BS"
52.630951,-1.145556,"Efes Leicester Ltd, 26-36, Braunstone Gate, Leicester, Leicestershire, LE3 5LG"
52.63149,-1.149254,"Chef & Spice, 1 Andrewes Street, , Leicester, Leicestershire, LE3 5PG"
52.658634,-1.11513,"Daman Samudra Leicester, 257 Melton Road, , Leicester, Leicestershire, LE4 7AN"
52.663187,-1.103823,"Royal Leicesters, Royal Leicesters, Lockerbie Walk, Leicester, , LE4 7ZX"
52.637364,-1.098565,"Indian Spices Restaurant and Takeaway , 234 Green Lane Road, , Leicester, Leicestershire, LE5 4PA"
52.682162,-1.225945,"The Old Post Office Tea Room, 546-550 Bradgate Road, , Leicester, , LE6 0HB"
52.694829,-1.078849,"Spice of India, 1151-1155, Melton Road, Leicester, Leicestershire, LE7 2JS"
52.535561,-1.044767,"The Toast Office, 14 High Street, Fleckney, Leicester, Leicestershire, LE8 8AJ"
52.549137,-1.193488,"Bangla Spice, 77 Main Street, Cosby, Leicester, Leicestershire, LE9 1UW"
53.319882,-3.478588,"Rhyl Rugby Services Ltd, Rhyl Rugby Sports and Social Club, Tynewydd Road, Rhyl, Clwyd, LL18 4AQ"
53.121448,-4.127444,"Spice of Llanberis Restaurant, Spice of Llanberis, 32 High Street, Llanberis, Gwynedd, LL55 4EU"
53.255676,-4.308276,"Alis spice , 21 Bridge Street, , Llangefni, Gwynedd, LL77 7PN"
53.268691,-0.491418,"Lincolnshire Police Headquarters, Deepdale Lane, Nettleham, Lincoln, Lincolnshire, LN2 2LT"
53.201432,-0.615677,"Leo's Catering Service Ltd, West Central, Runcorn Road, Lincoln, Lincolnshire, LN6 3QP"
53.177509,-0.626413,"Thorpe On The Hill Service Station, Middle Lane, Thorpe-on-the-Hill, Lincoln, Lincolnshire, LN6 9AJ"
53.387382,-0.335064,"Nice and naughty bistro, 31 Queen Street, , Market Rasen, Lincolnshire, LN8 3EN"
53.796099,-1.470979,"Rice Paper Cantonese Restaurant and Takeaway, 221-223 Selby Road, , Leeds, , LS15 7HW"
53.796322,-1.470168,"New spice house Ltd , 249 Selby Road, , Leeds, West Yorkshire, LS15 7JR"
53.84231,-1.534179,"St Gemma's Hospice, 329 Harrogate Road, , Leeds, West Yorkshire, LS17 6QD"
53.800274,-1.543952,"icestone gelato, Unit 24, st johns centre, leeds, , LS2 8LQ"
53.810871,-1.556002,"Hu Nan Chinese Food Service Limited, 69 Raglan Road, , Leeds, West Yorkshire, LS2 9DZ"
53.871977,-1.707061,"Mumbai spice house ltd t/a Mumbai village, 4-6, The Green, Leeds, West Yorkshire, LS20 9BT"
53.928904,-1.385232,"Spice 4U, 36, North Street, Wetherby, West Yorkshire, LS22 6NN"
53.924664,-1.822241,"Ticket Office, 11 Station Plaza, Station Road, Ilkley, West Yorkshire, LS29 8HF"
51.885369,-0.51964,"Sugar 'n' Spice, 5 High Street South, , Dunstable, Bedfordshire, LU6 3RZ"
53.478392,-2.231714,"Rice, Unit 5 Gateway House, Piccadilly approach, Manchester, , M1 2GH"
53.470479,-2.237062,"icestone gelato, 131 Oxford Road, , Manchester, Greater Manchester, M1 7DY"
53.481333,-2.244463,"The Rice Bowl, 33a, Cross Street, Manchester, Greater Manchester, M2 1NL"
53.482881,-2.243116,"Pizza Slice , Unit 19A Manchester Arndale, Food Court, Market street, Manchester, , M2 1NP"
53.435325,-2.263721,"Mayurafoods ltd t/a Sai spice , Sai spice , Mauldeth road west , Chorlton , Manchester , Greater Manchester , M21 7SP"
53.438702,-2.280572,"Thai Spice, 66a-66b, Beech Road, Manchester, Greater Manchester, M21 9EG"
53.485459,-2.257025,"A Nice Sip, 8 Salisbury House, St. Stephen Street, Salford, Greater Manchester, M3 6AX"
53.419691,-2.302611,"Musa nw Ltd ta madras spice, 180 Northenden Road, , Sale, Greater Manchester, M33 2SR"
53.441472,-2.097754,"Spice inn restaurant , 85 Haughton Green Road, Denton, Manchester, Greater Manchester, M34 7GR"
53.531936,-2.427166,"Spice 'N' Spirits Indian Kitchen Ltd, 13 Manchester Road West, Little Hulton, Manchester, Greater Manchester, M38 9EG"
53.485221,-2.237478,"Spice Lounge, Spice Lounge, 56-58 shudehill, Manchester, , M4 4AA"
53.50589,-2.216154,"Spice Cabin, 4-6, Tavistock Square, Manchester, Greater Manchester, M9 5RD"
51.314806,0.891198,"Spice lounge, 76 Preston Street, , Faversham, Kent, ME13 8NU"
51.277091,0.525485,"Spice Hut, 73 Brewer Street, , Maidstone, Kent, ME14 1RZ"
51.232335,0.495386,"Spice Lounge, 118 Heath Road, Coxheath, Maidstone, Kent, ME17 4PN"
51.363825,0.606742,"Tarana trading as Liyana's Spice LTD, 85 High Street, Rainham, Gillingham, Kent, ME8 7HS"
51.363378,0.60745,"Rizk Kent Limited T/A Meridian spice , 78-80, High Street, Gillingham, Kent, ME8 7JH"
51.348197,0.59731,"Spice Fusion, 8 Deanwood Drive, Parkwood, Gillingham, Kent, ME8 9LH"
52.056456,-0.852416,"Out Of Office Coffee, 45b, High Street, Milton Keynes, Buckinghamshire, MK11 1AA"
52.086949,-0.720949,"Out Of Office Coffee, 41 High Street, , Newport Pagnell, Buckinghamshire, MK16 8AR"
52.138786,-0.462944,"Rice Thai Restaurant , 41 St. Cuthberts Street, , Bedford, Bedfordshire, MK40 3JG"
52.137199,-0.461187,"Dame Alice Court, 19, Newnham Street, Bedford, , MK40 3NR"
52.064658,-0.535397,"Marston Vale Services t/as The Forest Centre Limited, The Forest Centre, Station Road, Marston Moretaine, Beds, MK43 0PR"
52.224658,-0.534838,"The Spice Tree Sharnbrook Ltd, Templars Way, Sharnbrook, Bedford, Bedfordshire, MK44 1PX"
52.11908,-0.408264,"The Barn Cafe and Deli  BRCC Services Ltd, Unit 6, Summerhill Business Centre, Cople Road, Cardington, Bedfordshire, MK44 3SH"
52.152523,-0.701458,"Out Of Office Coffee, 38 Market Place, , Olney, Buckinghamshire, MK46 4AJ"
52.034664,-0.77397,"peel juice bar, peel juice bar, unit 8, station housr, milton keynes, , MK9 1BB"
55.793931,-3.993595,"war office motherwell, 18 Milton Street, , Motherwell, Lanarkshire, ML1 1DQ"
55.625301,-3.867772,"Cairn Lodge Services, Carlisle Road, Lesmahagow, Lanark, Lanarkshire, ML11 0JU"
55.865882,-3.999598,"Royal Voluntary Service, Monklands District General Hospital, Monkscourt Avenue, Airdrie, , ML6 0JS"
51.538431,-0.104622,"Megan's at the Sorting Office, 6 Esther Anne Place, , Islington, London, N1 1WL"
51.622509,-0.088029,"IPI Services 2017 LTD, 26 Myrtle Road, , London, Greater London, N13 5QX"
51.566482,-0.139066,"Royal Voluntary Service, Whittington Hospital, Magdala Avenue, London, , N19 5NF"
51.534835,-0.125924,"The Coal Office Restaurant, 1 Bagley Walk, , London, Greater London, N1C 4PQ"
51.534835,-0.125924,"The Coal Office Restaurant Limited, 1 Bagley Walk, , London, Greater London, N1C 4PQ"
51.571308,-0.089803,"Zer Cafe&Juice bar, Unit A, Residence Tower, Goodchild Way, London, Greater London, N4 2LY"
51.573856,-0.112815,"Goods Office, 1-3 Ferme Park Road, Hornsey, London, Greater London, N4 4DS"
51.549621,-0.108715,"Nasi Economy Rice, 169 Holloway Road, , London, Greater London, N7 8LX"
51.632857,-0.054503,"chennai spice limited, 217 Hertford Road, , Edmonton, Greater London, N9 7ER"
55.043915,-1.451411,"Sugar and Slice, 133 Park View, , Whitley Bay, Tyne & Wear, NE26 3RG"
54.965747,-1.516013,"Nekta Food and Juice bar, 18 Mountbatten Avenue, , Hebburn, Tyne & Wear, NE31 2QP"
54.997311,-1.431414,"Bangla Spice Ltd, 9 Burrow Street, , South Shields, Tyne & Wear, NE33 1PP"
55.000183,-1.424886,"Spice garden ocean road ltd , 202 Ocean Road, , South Shields, Tyne & Wear, NE33 2JQ"
54.899583,-1.532511,"Alice and Elsie's Tearoom and Cafe Limited, unit 78-81 Market Village, The Galleries, Washington, Tyne and Wear, NE38 7RT"
54.995551,-2.395172,"The Twice Brewed Inn, The Twice Brewed Inn, , Bardon Mill, Northumberland, NE47 7AN"
54.983414,-1.576025,"cafe spice, 111 Chillingham Road, , Newcastle upon Tyne, Tyne & Wear, NE6 5XL"
52.959048,-1.149123,"The Dice Cup, 68-70, Mansfield Road, Nottingham, Nottinghamshire, NG1 3GY"
52.950579,-1.152338,"World Service Restaurant, Newdigate House, Castle Gate, Nottingham, Nottinghamshire, NG1 6AF"
52.896291,-1.271994,"Mount Gurkha Spice, 35 Tamworth Road, Long Eaton, Nottingham, Derbyshire, NG10 1JF"
52.869643,-1.09029,"Alices Tea Shop, 4 Main Street, Keyworth, Nottingham, Nottinghamshire, NG12 5AD"
53.009769,-0.399532,"The Agra Spices Ltd , 1 Pride Parkway, Enterprise Park, Sleaford, Lincolnshire, NG34 8GL"
52.958885,-1.167628,"Spice Hut, 159 Alfreton Road, , Nottingham, Nottinghamshire, NG7 3JR"
52.243412,-0.944852,"Taste Of Spice, 38a, Main Road, Northampton, Northamptonshire, NN5 6JF"
52.302653,-1.080686,"Village Spice, 12 Market Place, , Long Buckby, , NN6 7RR"
51.664808,-3.144792,"The Bank Post office and coffee shop, THE BANK COFFEE SHOP, 20 High Street, Newbridge, Caerphilly, NP11 4EZ"
51.673523,-3.218584,"Pengam Spice, Britannia House, Pengam Road, Blackwood, Gwent, NP12 3TB"
51.810446,-2.718806,"The Spiced Bread Pudding Company Ltd., 2 The Oldway Centre Monnow Street, , Monmouth, Gwent, NP25 3PS"
51.813716,-3.035068,"Spice Lounge, Merthyr Road, Llanfoist, Abergavenny, Gwent, NP7 9LP"
52.692716,1.246678,"Spice of india , 2 Holt Road, Horsford, Norwich, Norfolk, NR10 3DD"
52.682427,0.942285,"spice fusion, 25 Wellington Road, , Dereham, Norfolk, NR19 2BP"
52.6341,1.262486,"Royal Voluntary Service, Norwich Community Hospital, Bowthorpe Road, Norwich, Norfolk, NR2 3TU"
52.672787,1.685675,"Planet Spice, 2 Filby Lane, Ormesby, Great Yarmouth, Norfolk, NR29 3JR"
52.632971,1.294547,"The merchants of spice, 30-32, Colegate, Norwich, Norfolk, NR3 1BG"
52.631946,1.298106,"Spice Lounge, 8-10, Wensum Street, Norwich, Norfolk, NR3 1HR"
52.627458,1.348353,"The Merchants of spice 2, 127 Yarmouth Road, , Norwich, Norfolk, NR7 0QY"
51.542337,-0.147764,"Seven-heaven juices, 601-602, Stables market, Chalk Farm Road, London, London, NW1 8AH"
51.554163,-0.211954,"Flavours of spice , 68 Cricklewood Broadway, , London, Greater London, NW2 3EP"
51.553792,-0.163079,"Aroma Spice, 98 Fleet Road, , London, Greater London, NW3 2QX"
51.551349,-0.192228,"The Alice House West Hampstead, 283-285, West End Lane, London, Greater London, NW6 1RD"
51.545773,-0.179397,"Spice Deli, 11 Goldhurst Terrace, , London, Greater London, NW6 3HX"
51.534896,-0.204563,"The Alice House Queens Park, 53-55 Salusbury Road, , London, , NW6 6NJ"
51.605523,-0.207496,"silver service cafe, 16 Bittacy Hill, , London, Greater London, NW7 1LB"
53.577083,-2.093915,"Naughty but nice, 44 Market Street, Shaw, Oldham, Greater Manchester, OL2 8NH"
53.489421,-2.090389,"Detox Juice Bar, 6 Market Hall, Bow Street, Ashton-under-Lyne, Greater Manchester, OL6 6BZ"
51.599751,-1.125338,"The Old Post Office, St Martins Street, , Wallingford, Oxfordshire, OX10 0AA"
51.589521,-1.427651,"House of Spice Wantage, 2-4, Mill Street, Wantage, Oxfordshire, OX12 9AQ"
51.670916,-1.281459,"Abingdon Spice, 46 Stert Street, , Abingdon, Oxfordshire, OX14 3JP"
52.064606,-1.331657,"Spiceball Leisure Centre, Cherwell Drive, , Banbury, Oxfordshire, OX16 2BW"
51.808333,-1.636085,"Spice Lounge Burford, 81 High Street, , Burford, Oxfordshire, OX18 4QA"
51.775929,-1.264661,"Spice Lounge, 193 Banbury Road, , Oxford, Oxfordshire, OX2 7AR"
51.890861,-1.194443,"Bicester Hotel, Bicester Hotel, Golf & Spa, Akeman Street, CHesterton, Oxon, OX26 1TE"
51.901177,-1.158939,"Bicester Leisure Centre, Queens Avenue, , Bicester, Oxfordshire, OX26 2NR"
51.907521,-1.150729,"KFC - Bicester, Unit 1, Audley House, Buckingham Road, Bicester, Oxfordshire, OX26 3AH"
51.89911,-1.152631,"Eat China Bicester, 63 Sheep Street, , Bicester, Oxfordshire, OX26 6JW"
51.899203,-1.143139,"Clip 'n Climb Bicester, Clip 'n Climb Bicester , Unit 3 Bessemer Close, Bicester, Oxfordshire, OX26 6QE"
51.891776,-1.155574,"Farmshop Bicester, 50 Pingle Drive, , Bicester, Oxfordshire, OX26 6WD"
51.891776,-1.155574,"itsu Bicester Village, Unit 21a, 50 Pingle Drive, Bicester, , OX26 6WD"
51.786945,-1.484758,"Delice, 37b, High Street, Witney, Oxfordshire, OX28 6HP"
51.738394,-1.173106,"madras spice, 34 The Green, Horspath, Oxford, Oxfordshire, OX33 1RP"
51.727506,-1.224732,"Cafe Spice, 98-98A The Parade, Rose Hill, , Oxford, Oxfordshire, OX4 4HX"
51.64407,-1.005558,"House of Spice Watlington, 36a, Couching Street, Watlington, Oxfordshire, OX49 5QQ"
51.940348,-1.545584,"Spice of India, 6 West Street, , Chipping Norton, Oxfordshire, OX7 5AA"
51.746875,-0.976194,"House of Spice Thame, 7 Upper High Street, , Thame, Oxfordshire, OX9 3ER"
52.576113,-0.239875,"The Solstice Events & Entertainments venue, Northminster, , Peterborough, Cambridgeshire, PE1 1YN"
52.546799,0.087729,"The spice bank , 56 High Street, , March, Cambridgeshire, PE15 9LD"
52.456603,0.048287,"Spice Lounge , Spice Lounge, 52 High Street, Chatteris, Cambridgeshire, PE16 6BH"
52.311642,-0.362667,"Harmans On Site Services Ltd, Huntingdon Compressor Station, Bigrams Lane, St. Neots, Cambridgeshire, PE19 5NX"
52.976713,-0.022874,"Boston Spice , 14 South Street, , Boston, Lincolnshire, PE21 6HE"
52.966624,-0.027333,"Benalmedia Limited T/As The Black Sluice Cafe and Bar, The Black Sluice Centre, South Forty Foot Bank, Boston, Lincolnshire, PE21 7RA"
52.309202,-0.298199,"Fivetara Spices Ltd, 43 Breach Road, Grafham, Huntingdon, Cambridgeshire, PE28 0BA"
52.318217,-0.175077,"Planet Spice, 5 The Causeway, Godmanchester, Huntingdon, Cambridgeshire, PE29 2HA"
52.937596,0.485439,"The plaice to bee , 19 beach terrace Rd , , Hunstanton , Norfolk , PE36 5BQ"
52.487947,-0.288348,"Angel spice , 2-4 High Street , , Peterborough  Stilton , , PE7 3RA"
56.396341,-3.452965,"Royal Voluntary Service, Perth Royal Infirmary, Taymount Terrace, Perth, , PH1 1NX"
56.396124,-3.436869,"The ExserviceClub, 20 Milne Street, , Perth, Perth and Kinross, PH1 5QL"
56.390768,-3.436926,"Kay Smart Catering at The Civil Service Club, 11 St. Leonard's Bank, , Perth, Perth and Kinross, PH2 8EB"
50.366874,-4.135289,"Himalayan Spice, 31 New Street, , Plymouth, Devon, PL1 2NA"
50.367792,-4.145512,"Everest Spice, 14 Athenaeum Street, , Plymouth, Devon, PL1 2RH"
50.454653,-4.461499,"The Himalayan Spice, 4 Castle Street, , Liskeard, Cornwall, PL14 3AU"
50.544724,-3.992413,"The Old Police Station Cafe, Tavistock Road, Princetown, Yelverton, Devon, PL20 6QF"
50.270644,-4.788601,"Mevagissey Spice, 3-4, River Street, St. Austell, Cornwall, PL26 6UE"
50.400338,-4.114855,"The Prince Maurice, The Prince Maurice, Church Hill / Farm Lane Eggbuckland, Plymouth, , PL6 5RJ"
50.387483,-4.049204,"Plympton Spice Delta Limited, 151 Ridgeway, , Plymouth, Devon, PL7 2HJ"
50.846009,-0.936355,"Spice Village , 47 High Street, , Emsworth, Hampshire, PO10 7AL"
50.861897,-0.925252,"Spice Cottage, Spice Cottage, East Street, Westbourne, West Sussex, PO10 8SH"
50.770279,-0.73854,"Spice paradise, 6 The Parade, , Bognor Regis, West Sussex, PO21 4TW"
50.825636,-1.055158,"Eastern Police Investigation Centre, Police Investigation Centre,Merlin, Airport Service Road, Portsmouth, Hampshire, PO3 5GE"
50.699029,-1.292882,"Town Choice Cafe , 6-8, Town Lane, Newport, Isle of Wight, PO30 1JU"
50.728816,-1.163191,"slice of life cafe, 177 High Street, , Ryde, Isle of Wight, PO33 2HW"
50.786573,-1.075353,"Melody's catering services ltd, 126 Albert Road, , Southsea, Hampshire, PO4 0JS"
50.786788,-1.075292,"Dice Board Game Lounge, 149 Albert Road, , Southsea, Hampshire, PO4 0JW"
50.846898,-1.045426,"Spice Village, 165 Havant Road, Drayton, Portsmouth, Hampshire, PO6 1EE"
53.755795,-2.71114,"Origin Juice and Brew Bar, 24 Fishergate Hill, , Preston, Lancashire, PR1 8JB"
53.765349,-2.641079,"Subway Tickled Trout Services, Riverside Filling Station, Preston New Road, Samlesbury, Lancashire, PR5 0UJ"
53.602657,-3.035746,"spice of bengal indian cuisine, 12-14, Station Road, Southport, Merseyside, PR8 3HS"
53.648216,-3.002505,"The Office Bar and Restaurant, The Office Bar and Restaurant, 9b Hoghton Street, southport, England, PR9 0TE"
51.258089,-1.096911,"Spices and Spirits, 3 Kings Furlong Centre, , Basingstoke, Hampshire, RG21 8YT"
51.248293,-1.091755,"Basingstoke Police Station, Northern Police Investigation Centr, Jays Close, Basingstoke, Hampshire, RG22 4BS"
51.25213,-1.135444,"The Spice (Basingstoke) Limited t/a The Spice, 149a, Pack Lane, Basingstoke, Hampshire, RG22 5HN"
51.411298,-1.041753,"The Hatch Gate & Burghfield Spices, Hatch Gate Inn, The Hatch,Burghfield , Reading, Berkshire , RG30 3TH"
51.455614,-1.049065,"Spice Master , 22 Hildens Drive, Tilehurst, Reading, Berkshire, RG31 5HU"
51.469669,-1.044548,"Asian Spice Limited, 4 The Colonnade Overdown Road, Tilehurst, Reading, Berkshire, RG31 6PR"
51.467566,-0.976589,"Spice Oven Restaurant, 2-4, Church Street, Reading, Berkshire, RG4 8AT"
51.434516,-0.747233,"A1 Spices Ltd T/A Spice Lounge, Three Legged Cross, Forest Road, Warfield, Bracknell, RG42 6AE"
51.535604,-0.903638,"Asiana Spice (Henley) Ltd, 34 Reading Road, , Henley-on-Thames, Oxfordshire, RG9 1AG"
51.238887,-0.171683,"Everest Spice , 39 Holland Close, , Redhill, Surrey, RH1 1HT"
51.117676,-0.172542,"Bengal Spices, 71 Gales Drive, , Crawley, West Sussex, RH10 1QA"
51.023021,-0.451895,"Kerala Spice House Limited, 42 High Street, , Billingshurst, West Sussex, RH14 9NY"
51.011138,-0.081362,"Tamasha Spice, 22 High Street, Lindfield, Haywards Heath, West Sussex, RH16 2HH"
51.006365,-0.14385,"Spice Village, 1 Ockenden Lane, , Cuckfield, West Sussex, RH17 5LD"
51.219578,-0.048666,"The Spice Yard at The Lagham , Flat, The Lagham, Eastbourne Road, South Godstone, Surrey, RH9 8EZ"
51.574396,0.185798,"Asia Spice , 62 Victoria Road, , Romford, Greater London, RM1 2JH"
51.561613,0.267455,"Spice of India, 2, Broadway, Front Lane, Upminster, Greater London, RM14 1XJ"
51.576668,0.206618,"Ginger Spice, 395-397, Brentwood Road, Romford, Greater London, RM2 5TH"
53.37675,-1.471448,"Fresh Choice Noodles, 21-23, Matilda Street, Sheffield, South Yorkshire, S1 4QB"
53.386185,-1.470716,"7 Spices Balti, Mayfair Court, 120 Gibraltar Street, , Sheffield, West Bar, S3 8PP"
53.257173,-1.395708,"Chutney Spice , Rear of, 50 Church Street, Brimington, Derbyshire, S43 1JG"
53.431849,-1.357355,"The Plaice To Be, 4 Bridgegate, , Rotherham, South Yorkshire, S60 1PQ"
53.424046,-1.340784,"Rotherham Hospice, Rotherham Hospice, Broom Road, Rotherham, South Yorkshire, S60 2SW"
53.488713,-1.32355,"Spice lounge (Swinton) limited, 112 Church Street, Swinton, Mexborough, South Yorkshire, S64 8DQ"
53.560138,-1.514714,"Barnsley Hospice Appeal, 104-106, Church Street, Barnsley, South Yorkshire, S75 2RL"
53.590025,-1.546988,"Harmans On Site Services Ltd, Premdor, Birthwaite Business Park, Huddersfield Road, Barnsley, South Yorkshire, S75 5JS"
53.414067,-1.412793,"Tasty plaice, Unit 8, The Oasis Meadowhall Centre, Sheffield, South Yorkshire, S9 1EP"
51.663598,-3.805953,"Spirit 'n' Spice Bar & Kitchen , 16-18 The Parade, , Neath, West Glamorgan, SA11 1RA"
51.491794,-0.096776,"Pot & Rice, 13 Sayer Street, , London, Greater London, SE17 1FY"
51.492885,0.063564,"Rosal limited (First Choice cafe), 51-61, Hare Street, London, Greater London, SE18 6NE"
51.492885,0.063564,"chichidishes services uk ltd, 29-31, Hare Street, London, Greater London, SE18 6NE"
51.419637,-0.081434,"Palace Spice, 36 Westow Hill, , London, Greater London, SE19 1RX"
51.483956,0.017505," Westcombe Spice								, 1A-3 Station Crescent, westcombe Park, Westcombe Park, London, SE3 7EQ"
51.45066,0.0591,"Le spice, 220 Eltham High Street, , London, Greater London, SE9 1BA"
51.901336,-0.200088,"JJ’s Plaice , 21 Market Place, , Stevenage, Hertfordshire, SG1 1DH"
52.038698,-0.333414,"Dalchini Spice Ltd, 3 South Bridge Street, , Shefford, Bedfordshire, SG17 5DB"
51.849374,-0.235968,"Codicote spice , 79 High Street, Codicote, Hitchin, Hertfordshire, SG4 8XE"
52.048312,-0.025192,"Ashiana Spice , 7 Baldock Street, , Royston, Hertfordshire, SG8 5AY"
53.298417,-2.089159,"Viceroy indian cuisine, 22 Ingersley Road, Bollington, Macclesfield, Cheshire, SK10 5RF"
53.454042,-2.081189,"viceroy indian cuisine, Grafton st, , Hyde, , SK14 2AX"
53.461818,-1.994509,"spice bistro , 22 Market Street, Hollingworth, Hyde, Greater Manchester, SK14 8LN"
53.477294,-2.082906,"Herb&Spice, Foundry street, , Dukinfield, Cheshire, SK16 5PN"
53.259575,-1.909133,"stars licensed cafe, stars licensed cafe, 95 spring gardens, buxton, derbyshire, SK17 6BP"
53.400305,-2.193629,"Saffron’s Spice, 223 Stockport Road, , Stockport, Greater Manchester, SK3 0RH"
53.370324,-2.234792,"Paradise Spice , 250b, Finney Lane, Cheadle, Greater Manchester, SK8 3QD"
53.326413,-2.231655,"Petit Delice, 7 Grove Arcade, , Wilmslow, Cheshire, SK9 1HB"
51.505226,-0.502352,"Spice Paradise Iver ltd , 34 Thorney Lane South, , Iver, Buckinghamshire, SL0 9AE"
51.483954,-0.580544,"Spices Indian Cuisine , Silver Cottage, The Green, Slough, Berkshire, SL3 9BJ"
51.479065,-0.612349,"Viceroy of Windsor, 49-51, St. Leonards Road, Windsor, Berkshire, SL4 3BP"
51.410845,-0.674087,"Ascot Spices, 29 High Street, , Ascot, Berkshire, SL5 7HG"
51.520926,-0.720129,"Star Spice and Grill Limited, 73 Queen Street, , Maidenhead, Berkshire, SL6 1LT"
51.579276,-0.712289,"kattam ltd t/a The Last viceroy, 74-84, The Parade, Bourne End, Buckinghamshire, SL8 5SS"
51.588406,-0.552798,"Jack and Alice, 38-42, Packhorse Road, Gerrards Cross, Buckinghamshire, SL9 8EB"
51.606841,-0.55871,"Spice , 10 Market Place, Chalfont St. Peter, Gerrards Cross, Buckinghamshire, SL9 9EA"
51.606968,-0.557363,"Delhi Spice, 3 Buckingham Parade Market Place, Chalfont St. Peter, Gerrards Cross, Buckinghamshire, SL9 9EH"
51.368815,-0.194961,"Lahore Spices , 284-286, High Street, Sutton, Greater London, SM1 1PQ"
51.361069,-0.192935,"Everest Spice - Nepalese and Indian Restaurant, 7 Cheam Road, , Sutton, Greater London, SM1 1SN"
51.352198,-1.992383,"1Spice, 9-10 Maryport Street, , Devizes, Wiltshire, SN10 1AH"
51.439901,-2.004994,"Spice of Bengal, 13 Wood Street, , Calne, Wiltshire, SN11 0BZ"
51.512803,-1.973711,"Spice of Asia, 111 Chippenham Road, Lyneham, Chippenham, Wiltshire, SN15 4PB"
51.586526,-2.093187,"Spice Merchant, 36 Holloway, , Malmesbury, Wiltshire, SN16 9HX"
51.592334,-1.774169,"Penhill Service Station, Penhill Service Station, 568 Cricklade Road, Swindon, , SN2 7AS"
50.898461,-1.398968,"Carnicero Limited, 29 Oxford Street, , Southampton, Hampshire, SO14 3DJ"
50.932878,-1.352359,"Choudhury’s spice ltd, Unit 2 and 3,Townhill Farm District, Wessex Road, West End, Hampshire, SO18 3RA"
50.894178,-1.349982,"Sugar & Spice Coffee Shop, 406 Portsmouth Road, , Southampton, Hampshire, SO19 9AT"
50.86913,-1.399567,"Forest Spice, 42 Pylewell Road, Hythe, Southampton, Hampshire, SO45 6AQ"
51.016067,-1.503237,"Choice Plants, Choice Plants, Stockbridge Road, Timsbury, Hampshire, SO51 0NB"
54.903038,-1.385879,"Spice hut Sunderland , 20 Olive Street, , Sunderland, Tyne & Wear, SR1 3PE"
54.902214,-1.410327,"Royal Voluntary Service, Sunderland Royal Hospital, Kayll Road, Sunderland, Tyne and Wear, SR4 7TP"
54.838551,-1.326696,"Nicey Icey, Unit 2, The Waterside, Seaham Harbour Marina, Seaham, Durham, SR7 7EE"
51.541187,0.697463,"Spice Village , 306-308, London Road, Westcliff-on-Sea, Essex, SS0 7JJ"
51.614081,0.523841,"Nicemeal Spice LTD T/A Marcopolo Indian, Marco Polo, 9-11 Lower Southend Road, Wickford, , SS11 8AB"
51.585582,0.489044,"Basil Spice, Unit 2, Adams Business Centre Cranes Farm, Basildon, Essex, SS14 3JF"
51.582107,0.705992,"Regency Spice , The Old Bakehouse, Back Lane, Rochford , Essex, SS4 1AY"
51.552697,0.611541,"Castle Spice, 305 - 307 London Road, , Hadleigh, Essex, SS7 2BN"
51.512668,0.596683,"Spice Lounge, Unit 2-3, Casino Parade, Eastern Esplanade, Canvey Island, Essex, SS8 7FJ"
52.898289,-1.863817,"Miah Spice Limited, 18-20, Market Place, Uttoxeter, Staffordshire, ST14 8HP"
52.78547,-2.042081,"Viceroy restaurant , 8 Brocton Road, Milford, Stafford, Staffordshire, ST17 0UH"
52.801811,-2.11402,"Spice island midlands ltd, 108-110, Wolverhampton Road, Stafford, Staffordshire, ST17 4AH"
52.726119,-2.114326,"Corner spice limited , William Hardings House, Mill Street, Stafford, Staffordshire, ST19 5AY"
53.04799,-2.140193,"Spice Exchange, 1870 Leek Road, , Stoke-on-Trent, Staffordshire, ST2 7AF"
51.465067,-0.157578,"Palace Spice, 139 Lavender Hill, , London, Greater London, SW11 5QJ"
51.465261,-0.259784,"Rosona Spice, 130 Upper Richmond Road West, , London, Greater London, SW14 8DS"
51.432822,-0.129365,"Racs real juice , Unit 2, 156 Streatham High Road, London, Greater London, SW16 1BJ"
51.414088,-0.124162,"Spice Lounge , 437-439, Streatham High Road, London, Greater London, SW16 3PH"
51.440831,-0.154668,"Telpani Services Limited , 1 The Boulevard, , London, Greater London, SW17 7BW"
51.43466,-0.161996,"Spice Village Tooting , 32-36 Upper Tooting Road, , London, Greater London, SW17 7PD"
51.432025,-0.163684,"L S Catering ltd T/A Lahore Spices, 111-113 Upper Tooting Road, , London, Greater London, SW17 7TJ"
51.506583,-0.125668,"Civil Service Club, 13-15, Great Scotland Yard, London, Greater London, SW1A 2HJ"
51.494058,-0.151249,"Baker & Spice (London) Limited - Belgravia, 54-56 Elizabeth St, Belgravia, London, , SW1W 9PB"
51.509615,-0.131831,"Busaba Leicester Square, 35a, Panton Street, London, Greater London, SW1Y 4EA"
51.410867,-0.21919,"House Of Spice, 507 Kingston Road, , London, Greater London, SW20 8SF"
51.493927,-0.164723,"Baker And Spice (London) Ltd - Chelsea, 47 Denyer St, , London, , SW3 2LX"
51.485332,-0.174575,"Ranoush Juice 338 King's Road, 338 Kings Road, , London, Greater London, SW3 5UR"
51.493771,-0.195088,"Dolci Coffee & Juice Ltd, 176 Earls Court Road, , London, Greater London, SW5 9QQ"
52.706575,-2.752553,"The Old Post Office, the old post office, 1 milk strret, shrewsbury, , SY1 1SZ"
52.969646,-2.678572,"Blue Water Spices Indian Ltd, Blue Water Indian Restaurant , Brownlow Street , Whitchurch , Shropshire , SY13 1QP"
52.686544,-3.464331,"Cann Office Hotel, Cann Office, Llangadfan, Welshpool, Powys, SY21 0PL"
52.7911,-2.8534,"Adi exclusives Ltd trade as Admiral spice , Living Accommodation,Admiral Duncan, Newtown, Baschurch, Shropshire, SY4 2AY"
52.647928,-2.890089,"Balti spice, The Old Bakehouse, Brookside, Shrewsbury, Shropshire, SY5 0QF"
51.019962,-3.066149,"Subway taunton deane service, Subway taunton  deane service ,  Black brook Avenue , Taunton , Somerset, TA1 2UH"
51.206052,-3.477933,"Mr.Micawbers licensed restaurant , 15a, The Parade, Minehead, , TA24 5NL"
51.160938,-3.321234,"Bengal Spice, 7 Fore Street, Williton, Taunton, , TA4 4PX"
51.128804,-2.999851,"Spice club , 10 Eastover, , Bridgwater, Somerset, TA6 5AB"
55.770814,-2.005186,"Thistle do nicely , 8 Walkergate, , Berwick-upon-Tweed, Northumberland, TD15 1DB"
55.547216,-2.842104,"Taste of Spice, 3 Market Place, , Selkirk, Roxburgh, Ettrick and Lauderdale, TD7 4BT"
52.676955,-2.481884,"shahab spices ltd trading as ashukaa, Unit 14, Birchfield Way, Telford, Shropshire, TF3 5BZ"
51.133174,0.265541,"Souper Juice, 11, Monson Road, Tunbridge Wells, , TN1 1LS"
51.137893,0.269847,"The spice, 161-163, Camden Road, Tunbridge Wells, Kent, TN1 2RF"
51.172494,0.182304,"The Leicester Arms, High Street, Penshurst, Tonbridge, Kent, TN11 8BT"
51.307765,0.040487,"Spice lounge, 226 Main Road, Biggin Hill, Westerham, Greater London, TN16 3BD"
50.986574,0.474897,"New spice ag ltd , 13 High Street, , Robertsbridge, East Sussex, TN32 5AE"
51.047235,0.407061,"The Bell in Ticehurst LLP, High Street, Ticehurst, Wadhurst, East Sussex, TN5 7AS"
51.048027,0.187448,"Crowborough Spice, 24 Crowborough Hill, , Jarvis Brook, East Sussex, TN6 2JE"
50.461393,-3.520741,"simla spice , 39-41 Torwood Street, , Torquay, Devon, TQ1 1DZ"
50.436373,-3.567451,"Holmans Courtyard Cafe and Juice Bar, 9 The Gerstons, , Paignton, Devon, TQ3 3AD"
50.264938,-5.054175,"Sole Plaice, 20 Pydar Street, , Truro, Cornwall, TR1 2AY"
50.216728,-5.477318,"Porthgwidden Beach Services, Porthgwidden, , St. Ives, Cornwall, TR26 1PL"
50.208239,-5.477766,"Porthminster Beach Services, Beach Office, Porthminster, St. Ives, Cornwall, TR26 2EB"
54.571247,-1.237895,"icestone gelato, 201, linthorpe road, middlesbourgh, teeside, TS1 3RF"
54.572919,-1.238669,"Fire and Dice Games, 39-41, Borough Road, Middlesbrough, North Yorkshire, TS1 4AF"
54.619735,-1.06992,"Bengal Spice , 15 Station Road, , Redcar, North Yorkshire, TS10 1AH"
54.582842,-0.974009,"Spice (Saltburn) Ltd, 21 Station Street, , Saltburn-by-the-Sea, North Yorkshire, TS12 1AE"
54.582842,-0.974009,"Spice, 21 Station Street, , Saltburn-by-the-Sea, North Yorkshire, TS12 1AE"
54.693188,-1.431061,"Cinnamon Spice Club, Cinnamon Club, Salters Lane, Trimdon, Durham, TS29 6JQ"
51.482213,-0.312757,"Holy Spice, 1 London Road, , Brentford, Greater London, TW8 8JB"
51.512224,-0.384585,"Spice Village , 185-189, The Broadway, Southall, Greater London, UB1 1LX"
51.516312,-0.205549,"Brown Rice , 207-209, Portobello Road, London, Greater London, W11 1LU"
51.510696,-0.225806,"Homeslice White City, 2 Television Centre, 101 Wood Lane, London, Greater London, W12 7FR"
51.502829,-0.316938,"Spice Magic, 122 Northfield Avenue, , London, Greater London, W13 9RT"
51.514586,-0.152839,"Baker And Spice (London) Ltd - Selfridges, 400 Oxford Street, , London, Greater London, W1A 1AB"
51.510602,-0.131873,"Shake Shack Leicester Square, 1-2 Coventry Street, , London, , W1D 6BH"
51.511539,-0.132498,"Rice Coming CT Restaurant, 45 Wardour Street, , London, Greater London, W1D 6PZ"
51.513476,-0.135013,"Duck and Rice   , 90 Berwick Street, , London, Greater London, W1F 0QB"
51.508282,-0.145442,"Fitzmaurice House ltd t/a the Lansdowne Club, The Lansdowne Club, 9 Fitzmaurice Place, London, London, W1J 5JD"
51.524144,-0.140257,"Honey & Spice, 52 Warren Street, , London, Greater London, W1T 5NJ"
51.515676,-0.150734,"Homeslice Marylebone, 50 James Street, , London, Greater London, W1U 1HB"
51.513896,-0.162206,"victory services club, 63-79, Seymour Street, London, Greater London, W2 2HF"
51.514504,-0.162556,"Ranoush Juice 43 Edgware Road, 43 Edgware Road, , London, Greater London, W2 2JE"
51.49276,-0.265168,"Wild Bunch juicery , 402 Chiswick High Road, , London, Greater London, W4 5TF"
51.492362,-0.23023,"Brown Rice , 103 King Street, , London, Greater London, W6 9JG"
51.501685,-0.192196,"Ranoush Juice, 86 Kensington High Street, , London, Greater London, W8 4SG"
51.525716,-0.179735,"Baker & Spice (London) Limited - Maida Vale, 20 Clifton Rd, Maida Vale, London, , W9 1SU"
53.380718,-2.478086,"Lymm Spice Lounge, Ground Floor, 6 The Cross, Warrington, Cheshire, WA13 0HP"
53.385641,-2.352044,"Good Choice , 7a, Regent Road, Altrincham, Greater Manchester, WA14 1RY"
53.430547,-2.500815,"Birchwood spice, 40 Gorse Covert Road, Birchwood, Warrington, Cheshire, WA3 6UG"
53.377346,-2.692404,"Spice of India , Spice of India , WIDNES road , WARRIGTON, , WA5 2XD"
51.517341,-0.126282,"Rice Coming Restaurant, 10A Coptic Street, , London, Greater London, WC1A 1NH"
51.511698,-0.127822,"Wok to Walk Leicester Limited, 22 Cranbourn Street, , London, Greater London, WC2H 7AA"
51.658637,-0.366589,"Metropolitan Police Bushey Sports Club, Aldenham Road, , Bushey, Hertfordshire, WD23 2TR"
51.657867,-0.271919,"Spice Garden, 209 Shenley Road, , Borehamwood, Hertfordshire, WD6 1AT"
51.686108,-0.318844,"The Office Bar, 58 Watling Street, , Radlett, Hertfordshire, WD7 7NN"
53.681938,-1.495452,"Mr Juice Fresh Smoothie Bar, Kiosk 1, All Saints Walk the Ridings Centre, Wakefield, West Yorkshire, WF1 1DS"
53.682777,-1.499876,"Silver Spice Ltd , 14 Silver Street, , Wakefield, West Yorkshire, WF1 1UY"
53.684602,-1.499991,"Felice’s Bella Roma , 63 Northgate , , Wakefield, West Yorkshire , WF1 3BP"
53.717773,-1.271228,"Harmans On Site Services Ltd, RWE Generation, Ferrybridge Powert Station, Ferrybirdge, , WF11 8PR"
53.713128,-1.630848,"icestone gelato, 35-37, Commercial Street, Batley, West Yorkshire, WF17 5EP"
53.650818,-1.596232,"The Spiced Mango, 93 New Road, Middlestown, Wakefield, West Yorkshire, WF4 4NS"
53.699658,-1.297711,"Harmans On Site Services Ltd, Monkhill, Ferrybridge Road, Pontefract, West Yorkshire, WF8 2JS"
53.543462,-2.642777,"Fresh Choice Cafes Ltd, 1 Wilcock Street , , Wigan, Lancashire, WN3 4AR"
52.192937,-2.220382,"St Richards Hospice Snowdrop Cafe, 13-14, St. Swithins Street, Worcester, Worcestershire, WR1 2PS"
52.110514,-2.075337,"Sugar n Spice, 20 High Street, , Pershore, Worcestershire, WR10 1BG"
52.312744,-2.17985,"Cutnall Green post office, Cutnall green post office, School lane, Cutnall green, Worcestershire, WR9 0PQ"
52.267998,-2.148852,"Spice Fuzion Ltd, 17 St. Andrews Street, , Droitwich, Worcestershire, WR9 8DY"
52.552424,-2.026469,"spices restaurany & takeaway wednesbury ltd, 81 holyhead road, , wednesbury, west midland, WS10 7PA"
52.680477,-2.026966,"Aydan spice ltd, 172 Walsall Road, , Cannock, Staffordshire, WS11 0JB"
52.70815,-1.998181,"spice of hednesford, 13 Market Street, Hednesford, Cannock, Staffordshire, WS12 1AY"
52.603723,-1.91939,"Faz Spice LTD, 47 Anchor Road, , Walsall, West Midlands, WS9 8PT"
52.585593,-2.128313,"Alice's Tea Room, 18 Queen Square, , Wolverhampton, West Midlands, WV1 1TQ"
52.583747,-2.070563,"Spice Lounge, 657 Willenhall Road, , Willenhall, West Midlands, WV13 3LH"
52.53478,-2.413232,"The spice of friends ltd  T/A blue Ginger , 12 Mill Street, , Bridgnorth, Shropshire, WV15 5AL"
52.568322,-2.167573,"5 Spice Cuisine Ltd, 15 Warstones Drive, , Wolverhampton, West Midlands, WV4 4PP"
52.625428,-2.189493,"Codsall Spice, 139 Wolverhampton Road, Codsall, Wolverhampton, Staffordshire, WV8 1PF"
53.961208,-1.08008,"Bombay Spice, 58 Goodramgate, , York, North Yorkshire, YO1 7LF"
54.282813,-0.412023,"Nishat Spice , Nishat Spice Restaurant, 47 Prospect Road, Scarborough, North Yorkshire, YO12 7JX"
54.244774,-0.776833,"Spice 4 U, 41 Hungate, , Pickering, North Yorkshire, YO18 7DG"
54.257505,-0.799393,"Middleton Post Office Tea Parlour, Post Office, , Main Street, Middleton, Pickering, North Yorkshire, YO18 8NX"
53.945791,-1.08566,"village spice, 162 Bishopthorpe Road, , York, North Yorkshire, YO23 1LF"
53.971738,-1.131469,"Harmans On Site Services Ltd, Valeo Tangerine, Low Poppleton Lane, York, North Yorkshire, YO26 6BA"
54.01338,-1.226317,"The Alice Hawthorn, The Green, Nun Monkton, York, North Yorkshire, YO26 8EW"
53.970221,-1.079836,"Jaipur Spice, Jaipur Spice, 103 Haxby Road, York, North Yorkshire, YO31 8JS"
54.016278,-1.074226,"Janna Spice, 27 The Village, Haxby, York, North Yorkshire, YO32 3HS"
54.016278,-1.074226,"Janna spice , 27 The Village, Haxby, York, North Yorkshire, YO32 3HS"
53.920441,-0.795661,"Bakery Pocklington Services, Broadhelm Close, Pocklington, York, East Riding of Yorkshire, YO42 1AD"
53.920441,-0.795661,"Subway Pocklington Services, Broadhelm Close, Pocklington, York, East Riding of Yorkshire, YO42 1AD"
54.105264,-1.192668,"Jaipur Spice, Jaipur Spice, York Road, Easingwold, North Yorkshire, YO61 3PG"
54.245854,-1.060347,"Hemsley Spice Ltd, 1 Bridge Street, Helmsley, York, North Yorkshire, YO62 5BG"
54.25313,-0.997297,"Fusion Spice Coffee Limited , Main Road, Beadlam Nawton, York, North Yorkshire, YO62 7SU"
